{"8e57rgXIXvsjSwASVnUCxw==":"logo-122x122.png","s7tx41NiMuhmGdalkblf6A==":"logo-1-122x122.png","nK4E7aKRXr2gIGrA8Dd2kA==":"download-96x96.jpg","s/yvnDujtbGxDbqLtsyiwQ==":"slider-image1-1920x1280.jpg","NuZI0ptwKFdUkcfspdVEPA==":"download-180x180.jpg","bPBd/Xlco47DyIxfTdyQiw==":"section-bg-4-1014x676.jpeg","b4Xj/aOPd8Vc3mbKqsbQMQ==":"sankalp-480x480.png","/MHLljsWAh8Fm7feOehoyg==":"78101847_1541199532702782_7589028966594248704_o-2000x1333.jpeg","olANqXyqy3RArmQ4wx+7CQ==":"anand-510x537.jpg","41hOaxEUX5xQC6JTdN0PyA==":"gurumann-510x537.jpg","nAKX6YtZRJEg5QEIjVBeSg==":"sandeep-510x537.jpg","BP4sa0sUbW4RIwI5U0Fcww==":"chetan-510x537.jpg","GM4F76nT/rl3ov4rdPjM8w==":"sankalp-1-480x480.png","2b9m2iV2KK+nkrUOW0CCng==":"sandeep-510x537.jpeg","sh3YES3wFwaMea/jJVBzVA==":"sankalp-192x192.png","1b2QId4f85d4gH9Zjb+OPA==":"sankalp-2-480x480.png"}